Sl. No,Doctor Name,Doctor ID,Specialization,Qualification,Surgery Experience,Practicing Branch,Other Branches Visited
1,Jared Jones,AA785310,General Surgery,DM,45,CU35,"['FR33', 'MA60', 'ST89']"
2,Ryan Taylor,PU234420,Urology,PhD,21,LU50,"['MO08', 'LU59', 'CU66']"
3,Pamela Ward,SU956105,Cardiology,MBBS,17,MO27,['LU58']
4,Dustin Morris,HW266737,Pediatrics,DM,74,LU59,['MO64']
5,Mrs. Cynthia Watson,BC800068,Dermatology,DO,57,ME77,"['ST89', 'LU59', 'ST85']"
6,William Huang,MB269663,Neurology,DM,59,SU21,"['MA53', 'SU37']"
7,William Frey,RE697893,Orthopedics,DO,85,CU01,"['ME55', 'HA24']"
8,Taylor Hahn,JS843968,Neurology,DM,5,MA17,['CU01']
9,Kristen Monroe,VH740721,Neurology,PhD,7,ST44,"['MA53', 'HA19']"
10,Eric Little,AG430833,Urology,DO,45,ME14,"['MA49', 'LU51']"
11,Angela Webb,RJ851623,Urology,DO,89,HA48,['HA19']
12,Robert Young,GN414925,Cardiology,MBBS,24,CU30,"['FR61', 'SU37']"
13,Ronnie Campbell,NI288463,General Surgery,MD,84,SU05,['CU30']
14,Francis Humphrey,TG128073,Pediatrics,DO,51,ME14,['SU05']
15,Jasmine Boyer,LS841936,Dermatology,MD,79,MA10,"['CU98', 'ME16']"
16,Steven Jones,PG913814,Pediatrics,DO,32,ST29,['MA63']
17,Tina Ramirez,XQ220458,General Surgery,MD,98,MO46,['MA04']
18,Brandi Sharp,JM293956,Urology,MD,94,FR33,"['MA57', 'MO74']"
19,Katherine Griffin,MD251910,Pediatrics,DO,37,CU01,"['ST29', 'MO07']"
20,Elijah Pena,QO228158,Neurology,PhD,1,MA49,"['MO27', 'CU96', 'ST69']"
21,William Rogers PhD,OX166989,Orthopedics,MBBS,98,HA48,['ST79']
22,Danielle Carroll,CP789189,Cardiology,PhD,7,ME55,"['HA19', 'ST29']"
23,Kevin Gill,JU307359,General Surgery,DO,19,LU51,"['SU93', 'MO81']"
24,Shawn Jimenez,NM136958,Pediatrics,DO,88,HA91,"['ME68', 'CU90']"
25,Mario Gross,WI910702,Dermatology,PhD,24,CU40,"['ME55', 'HA15', 'ST86']"
26,Allison Bishop,NP656258,Pediatrics,MD,24,ST69,"['SU43', 'MO95', 'CU56']"
27,Dawn Christensen,VT824537,Dermatology,MCh,15,ME23,['MA17']
28,Angela Johnson,JO713208,Neurology,PhD,94,ST85,"['CU90', 'MO07']"
29,Robert Green,UZ339928,Orthopedics,PhD,95,CU20,['LU58']
30,David Dunn,JM232506,Neurology,DM,88,LU73,['CU96']
31,Dawn Robinson,CO563277,Pediatrics,MD,28,LU31,"['ME38', 'ST18']"
32,Angela Carter,IA687619,General Surgery,PhD,42,SU37,"['MA99', 'LU59']"
33,Corey Branch,TK216973,Urology,MD,16,ST71,"['ST89', 'ME55', 'CU90']"
34,Kristina George,RY552351,Orthopedics,MD,65,LU50,"['CU35', 'LU94']"
35,Jennifer Mahoney,EV764208,Pediatrics,PhD,71,ST41,"['MA63', 'MO64', 'LU59']"
36,Linda Wheeler,AB857082,Orthopedics,PhD,81,MO64,"['CU66', 'FR80']"
37,Gina Gross,WN729080,Pediatrics,DO,92,CU40,['CU90']
38,Gloria Nelson,EN097348,Pediatrics,DM,36,ME39,"['LU31', 'LU59', 'MO46']"
39,Guy Davis,DJ322593,Cardiology,DM,91,HA83,['MO46']
40,Elizabeth Cole,VT027152,Neurology,DM,79,LU50,['ME14']
41,Carolyn Anderson,VY803587,Pediatrics,MD,14,ST79,"['MA11', 'ME55']"
42,Cheyenne Price,XE517009,Orthopedics,MBBS,79,LU94,"['FR80', 'LU67', 'MO07']"
43,Brandi Brewer,CB312260,Pediatrics,DO,9,HA26,"['ST18', 'CU96', 'CU20']"
44,Sandra Christensen,EB428630,General Surgery,MCh,75,ST69,"['MO46', 'HA91', 'MA63']"
45,Danielle Holmes,WT903671,Neurology,MBBS,6,ST45,['ST97']
46,Ashley Mejia,QB466115,Urology,DM,84,HA26,['CU96']
47,Robin Blake,ME964384,General Surgery,MD,49,CU90,"['HA09', 'ST97', 'ME38']"
48,Benjamin Mcgrath,SO606622,Pediatrics,MD,25,HA65,"['CU56', 'LU59']"
49,Sarah Robbins,OO867379,Pediatrics,DO,77,ST71,['MO27']
50,Henry Howard,IN576503,Urology,MD,1,CU84,"['LU22', 'CU30']"
51,Donald Rogers,NV097762,Cardiology,DM,28,LU94,['CU30']
52,Christopher Davis,UC406315,Pediatrics,DO,74,MO08,"['ME16', 'MA10']"
53,Jerry Larsen,FF924257,Dermatology,MCh,2,CU56,"['ST45', 'MA63', 'ME38']"
54,Karla Powers,UA815293,Cardiology,MD,27,HA83,"['SU05', 'CU20', 'ME47']"
55,Ashley Parsons,XW764744,General Surgery,MBBS,72,CU96,"['LU75', 'MO27']"
56,Robert Smith,OT427976,Orthopedics,MBBS,73,LU13,"['LU67', 'HA19']"
57,Timothy Walker,DE366937,Pediatrics,MCh,99,CU20,"['MO08', 'MA57']"
58,Ronald Harvey,QY183231,Neurology,DM,84,SU42,"['LU31', 'MA54', 'MA60']"
59,Benjamin Hunt,VV509579,Neurology,DO,38,SU52,"['MO27', 'CU96']"
60,David Miller,CD740677,Orthopedics,MD,97,HA62,"['CU98', 'HA15']"
61,Tara Gordon,LT072222,Neurology,DO,56,MA11,['CU20']
62,Julie Holmes,YP400195,Urology,MCh,88,MA60,"['LU94', 'HA62', 'CU98']"
63,Rebecca Wilson,NK896103,Urology,MCh,52,HA65,['MA53']
64,Cynthia Anderson,KM184553,Dermatology,MBBS,31,HA19,"['ST41', 'SU05']"
65,Gina Chambers,JF772188,Urology,DO,82,FR80,['SU43']
66,Amanda Davis,CE181654,Pediatrics,MCh,46,CU96,['MO74']
67,Travis Willis,BA131638,Orthopedics,PhD,97,ME55,['ME39']
68,Michael Gonzales,ZU444110,Urology,MBBS,46,MA99,"['MA99', 'LU22']"
69,Bradley Keller,HJ298860,Cardiology,MBBS,84,SU52,"['MA10', 'ME68']"
70,Lauren Foley,TE711755,Cardiology,MCh,75,MO87,"['CU30', 'ST02']"
71,Kenneth Neal,JN583092,General Surgery,DO,57,MA53,['ST79']
72,Andrew Simmons,WI684004,Pediatrics,DM,73,MA49,['SU42']
73,David Parrish,FK607711,Urology,MBBS,96,ST29,['SU03']
74,Thomas Chapman,IN459369,Cardiology,PhD,45,CU35,"['ME39', 'MO08']"
75,Travis Hines,CC203136,Orthopedics,PhD,68,MA99,"['LU13', 'CU84']"
76,Yolanda Garcia,OU949385,Neurology,MCh,27,CU92,['HA62']
77,Michael Baldwin,NL602550,Pediatrics,MD,14,LU13,"['MO64', 'SU37', 'CU90']"
78,Luis Wade,SJ643834,Cardiology,MBBS,57,MA11,"['ST79', 'HA19', 'MA04']"
79,Crystal Smith,KR510408,Pediatrics,PhD,11,ST45,"['ST100', 'HA26']"
80,Mark Scott,FY013493,Orthopedics,DM,49,SU05,"['ST89', 'SU03']"
81,Misty Munoz,WM356564,General Surgery,DO,21,CU56,['HA06']
82,David Smith,HU525267,Cardiology,DO,37,CU34,['FR76']
83,Steve Garrett,KR909899,Cardiology,DM,1,MA54,"['SU05', 'CU28', 'ME14']"
84,Christopher Smith,RA419690,Dermatology,PhD,83,ST32,"['CU40', 'CU28']"
85,Steven Winters,RO678197,Neurology,MCh,43,HA48,"['ME38', 'SU05']"
86,Michael Sanders,MI026382,Cardiology,DO,84,MA99,"['LU75', 'HA26']"
87,Paul Harrison,PV589180,Dermatology,PhD,58,FR33,"['SU93', 'CU90', 'MO46']"
88,Nicole Conway,AI204882,Urology,DM,8,LU22,"['MA04', 'CU84']"
89,Robert Morton,QF906736,Cardiology,MCh,50,ST71,['SU52']
90,Sherri Davis,GL898559,Orthopedics,DO,77,MO64,"['HA15', 'FR80', 'CU28']"
91,James Peterson,VV270744,Pediatrics,DO,31,ST85,"['ST89', 'CU92', 'CU82']"
92,Elizabeth Johns,EC142741,General Surgery,MBBS,90,HA88,['LU73']
93,Catherine Gilbert,FO808824,Urology,MBBS,77,MO87,"['SU43', 'SU72', 'MO46']"
94,Cody King,TN745002,Dermatology,MD,63,CU84,"['ME68', 'MA10']"
95,Connie Mitchell,AL213142,Orthopedics,MBBS,55,LU75,['ME68']
96,Savannah Jarvis,YQ436188,Orthopedics,DM,76,CU82,['CU28']
97,April Maynard,FG654807,General Surgery,PhD,79,MA17,"['ST32', 'MA04', 'MO74']"
98,Charles Gilmore,IA479422,Neurology,DM,77,HA65,"['ME47', 'MA57', 'SU03']"
99,Melissa Harris,MA351381,Pediatrics,MD,1,LU22,['ME77']
100,Patricia Bradford,ES852930,Orthopedics,PhD,45,HA26,['LU22']
101,Julia Hernandez,EE754070,Neurology,MBBS,4,LU50,"['ST85', 'MO27']"
102,Mary Brady,PC631213,Dermatology,MBBS,33,ST44,"['HA09', 'ST97']"
103,Susan Joseph,NY863570,General Surgery,MCh,21,CU35,"['CU40', 'FR33', 'ST18']"
104,Ryan Fowler,WF761967,Pediatrics,MCh,32,SU21,"['FR33', 'SU21']"
105,Deborah Washington,ML935848,General Surgery,MCh,74,MA04,"['ST12', 'ME39', 'SU93']"
106,Julie Mccarty,WD116107,Neurology,DO,48,MA49,"['MO46', 'CU98']"
107,Rhonda Maxwell,TO655690,Dermatology,MD,23,MO08,"['SU42', 'SU93']"
108,David Gonzalez,CL141003,Neurology,DM,86,ST41,['FR76']
109,James Barrera,RB087107,Urology,PhD,50,CU34,"['LU51', 'MA53']"
110,Michelle Jones,BL887696,Pediatrics,MCh,96,FR36,"['HA26', 'CU90']"
111,Kenneth Hernandez,JD903032,Urology,DO,58,MA60,"['MO07', 'ST100']"
112,Kevin Neal,CO153452,Pediatrics,DM,44,MA49,"['ME39', 'MA54']"
113,Danielle Garner,ZM948930,Orthopedics,MD,31,LU50,['LU59']
114,Charles Paul,ON504748,Pediatrics,MBBS,96,ST41,['HA06']
115,Ronald Wilson,BR703058,Neurology,PhD,62,CU92,['CU20']
116,Christopher Campbell,PG949969,Pediatrics,DM,3,HA09,"['LU94', 'MA99']"
117,Christopher Dunn,RR167882,Urology,MBBS,87,ME39,"['HA19', 'SU43']"
118,Christie Smith,RB300859,Urology,MCh,2,ST12,['LU31']
119,Angelica Maddox,KZ035635,General Surgery,MBBS,59,CU84,['MO08']
120,Christine Oliver,OF068890,Orthopedics,PhD,80,HA06,"['LU94', 'ME77']"
121,Samuel Gilbert,QQ533557,Orthopedics,DM,76,SU52,['MA25']
122,Jennifer Church,UJ091984,Cardiology,DM,81,CU98,"['CU70', 'LU13']"
123,Christopher Bell,SI963058,Orthopedics,MCh,50,FR33,"['LU78', 'ST86', 'MA63']"
124,Nancy Gay,YI118597,Orthopedics,MCh,4,ME23,"['MA99', 'CU96']"
125,Michaela Hamilton,GF813484,Orthopedics,DO,43,ME38,"['HA19', 'ST71', 'CU01']"
126,Rachel Mendoza,DC878302,Orthopedics,DO,51,MA17,"['LU31', 'MA11']"
127,Chris Keller,MM147263,Dermatology,PhD,39,LU50,['ME39']
128,Robert Montgomery,HQ307848,Dermatology,MCh,75,MA57,"['ST69', 'MA11', 'MA10']"
129,Gina Ruiz,OP576265,Neurology,PhD,29,HA62,"['CU34', 'CU84']"
130,Vanessa Williamson,LD454975,General Surgery,MCh,40,FR36,"['ME68', 'ST79']"
131,Brianna Martin,WM333047,Cardiology,DM,57,SU72,"['HA48', 'ST86']"
132,Noah Spence,ZY366445,Dermatology,MCh,40,ME47,['ST79']
133,Kevin Anderson,JJ732853,Dermatology,MBBS,45,ME38,"['ST29', 'FR76']"
134,Gabrielle Rivera,SH481507,Pediatrics,DM,72,LU51,"['ST89', 'MA63', 'LU31']"
135,Joseph Sawyer,OD846915,Dermatology,MCh,1,HA65,"['HA24', 'MO74']"
136,Dr. Danny Jennings,FL473888,Pediatrics,MBBS,62,LU51,"['SU42', 'ME14']"
137,Margaret Hunt,RE650153,Urology,MCh,46,MA99,"['MO27', 'MO07', 'HA09']"
138,Kelly White,VN999192,Neurology,MCh,86,CU82,"['MO08', 'MO46']"
139,Peter Crosby,YL340552,Urology,MCh,10,MA63,"['CU34', 'ME68']"
140,Aaron Hodges,VC967163,Dermatology,MBBS,48,CU30,"['FR36', 'MO08', 'ME39']"
141,Juan Aguilar,BC575447,Dermatology,MD,68,HA24,"['ST45', 'MA25', 'HA06']"
142,Angela Mills,XC512108,Cardiology,MBBS,97,CU66,['HA09']
143,Sonya Graham,ML865129,General Surgery,PhD,41,ME47,"['FR61', 'ST79']"
144,Adrian Arnold,FH645719,Cardiology,MD,65,ST79,"['SU93', 'MO81']"
145,Matthew Martin,ZM325717,Orthopedics,MBBS,90,HA19,['MA99']
146,Toni Miller,GK911332,Cardiology,MBBS,22,ME55,"['MO64', 'HA83']"
147,Lindsey Smith,AF609695,Pediatrics,DM,56,LU67,['ST86']
148,Kayla Gutierrez,GK879522,Urology,DM,73,MA63,"['HA24', 'CU56']"
149,Albert Russell,IG322617,Orthopedics,PhD,38,CU66,"['ME47', 'HA65']"
150,Justin Keller,WO434937,Urology,MCh,7,CU90,"['MA17', 'SU72']"
151,Robert Mejia,ID596907,Neurology,DO,43,CU70,"['HA06', 'SU93']"
152,Donald Ramos,EP217451,Cardiology,MBBS,63,LU22,"['CU70', 'ST12']"
153,Rodney Franco,PR378899,Pediatrics,PhD,15,ST12,['ST71']
154,Megan Booker,CC884781,General Surgery,MCh,60,ME16,"['MA10', 'ME23', 'CU82']"
155,Megan Williams,YX696164,Urology,DO,23,SU21,['ME39']
156,Vanessa Parks,SK976271,Orthopedics,DM,28,ST79,"['CU90', 'MO46', 'CU96']"
157,Denise Hughes,XA069777,Urology,MBBS,27,MA57,"['CU96', 'SU03', 'MO81']"
158,Luke Flores,HJ101262,Cardiology,MBBS,13,ST69,"['HA19', 'ST12', 'FR80']"
159,Michael Thomas,HR876328,General Surgery,DM,70,HA15,"['LU13', 'MO74', 'MO08']"
160,Michael Wilson,KD405203,Neurology,PhD,11,MA53,"['ME68', 'MO81']"
161,Danielle Foster,RO850556,General Surgery,MBBS,25,HA65,['CU98']
162,Kelli Harris,OY812043,Cardiology,PhD,25,CU84,['HA19']
163,Whitney Johnson,GE146243,General Surgery,MD,60,ME55,"['MO64', 'MO46']"
164,Melissa Taylor,OS259900,Pediatrics,MCh,86,HA26,['ME47']
165,Kevin Mitchell,FC253539,Neurology,DO,12,FR36,['CU30']
166,Danielle Bishop,VL406431,Urology,PhD,14,CU34,"['MO27', 'ST89']"
167,Donald Hall,YW431614,General Surgery,PhD,21,LU31,['MA17']
168,Cody Harris,AC287731,Dermatology,DO,4,FR36,"['ME68', 'ST97', 'CU98']"
169,Arthur Jackson,UF444970,Orthopedics,MCh,69,MO95,"['LU59', 'MO46']"
170,William Austin,MW920707,Neurology,MD,24,CU56,"['LU13', 'LU31', 'HA19']"
171,Jason Barron,UC887680,Dermatology,PhD,59,LU58,"['CU90', 'LU94', 'HA09']"
172,Regina Howard,WW481495,Neurology,MBBS,89,MO74,['ME39']
173,Nathan Freeman,DT918031,Orthopedics,MBBS,77,MO74,"['FR33', 'CU84', 'LU67']"
174,Sarah Lewis,LS268778,Cardiology,MCh,71,HA62,"['MA49', 'SU72']"
175,Amber Vance,UC510813,Dermatology,MD,31,SU21,"['FR36', 'CU66', 'CU96']"
176,Bonnie Carr,BX566533,General Surgery,PhD,68,ST97,['MO81']
177,Elaine Robinson,EJ110088,Dermatology,DM,86,MO95,"['ST86', 'CU35']"
178,Gary Schultz,IN545047,Dermatology,DO,86,CU90,['ST89']
179,Linda Murray,FG709447,General Surgery,DM,50,ST32,"['MO74', 'ME47']"
180,Christopher Hunter,DP419388,Neurology,DM,11,MA11,['MO95']
181,Debra Owens,HM899664,Orthopedics,PhD,60,CU34,['ST45']
182,Melinda Bailey,WO120395,Pediatrics,MD,74,HA91,['HA09']
183,Dominique Flores,NR440899,Neurology,DM,77,LU73,"['MA11', 'MA63']"
184,Devin Olsen,QX570706,Dermatology,MBBS,7,CU98,['ST29']
185,Tiffany Patterson,DU551992,General Surgery,MCh,91,ST32,"['CU28', 'CU66', 'ME16']"
186,Patricia Bell,CO189762,Dermatology,PhD,14,ST41,"['MA10', 'MA17', 'MO64']"
187,Danielle Moore,CE300481,General Surgery,PhD,91,MO07,"['LU67', 'HA09']"
188,Robert Henson,KZ836602,Pediatrics,DO,42,FR33,"['ST86', 'CU82', 'MO64']"
189,Christopher Hughes,UJ406639,Dermatology,PhD,62,HA62,"['SU42', 'ST29']"
190,Crystal Ryan,MR570281,Cardiology,MCh,38,MO46,"['ST85', 'ME14', 'SU42']"
191,Kimberly Jacobs,PY656275,Pediatrics,DM,50,ST100,['FR76']
192,Eric Moore,FH730664,Pediatrics,DM,11,MO08,['ST12']
193,Jacob Bush,DH164411,Urology,MD,79,HA48,"['ST02', 'ST69']"
194,Bradley Davis,YY551325,Neurology,DO,20,MA04,['MO87']
195,Marc Bird,AG429106,Pediatrics,DM,74,MA04,['HA83']
196,Crystal Phelps PhD,PB463799,Neurology,MD,33,MO27,"['MA10', 'LU59', 'ST97']"
197,Ashley Miller,NS613730,Urology,MD,94,LU51,"['FR80', 'ST71', 'CU35']"
198,Nicole Bush,OQ381625,Neurology,DM,97,ME23,['CU56']
199,Ryan Baldwin,SG174273,Dermatology,PhD,28,MO46,['HA15']
200,Jeffrey Houston,QC755559,Neurology,MCh,9,FR76,"['HA62', 'ST71', 'MA25']"
